"name","dft_gibbs_free_energy_ev","dft_electronic_energy_ev","dft_entropy_ev","dft_enthalpy_ev","hf_gibbs_free_energy_ev","hf_electronic_energy_ev","hf_entropy_ev","hf_enthalpy_ev"
"dimer_001338","-16917.573480718","-16925.578752143","1.79146796128","-16915.782013029","-16699.004233603","-16708.542262236","1.732033637742","-16697.272199965"
"dimer_001340","-15834.675653254","-15843.326901274","1.798428093172","-15832.877225161","-15625.077799817","-15635.403855356","1.730149248292","-15623.347650569"
"dimer_001341","-16916.895225416","-16924.923730751","1.759008570676","-16915.136216846","-16698.972462117","-16708.490025328","1.728173156424","-16697.24428896"
"dimer_001343","-14897.69469372","-14905.93390019","1.622493602814","-14896.072200389","-14700.613584954","-14710.492824679","1.568487681462","-14699.045097272"
"dimer_001346","-14897.734585088","-14905.936524185","1.662437761102","-14896.072147327","-14700.649671896","-14710.478436379","1.617039621912","-14699.032632274"
"dimer_001350","-14963.021732732","-14972.525227378","1.701008832146","-14961.320724172","-14764.13866465","-14775.551101047","1.630534571514","-14762.508130078"
"dimer_001351","-16918.999001881","-16927.209968088","1.661234745108","-16917.337767408","-16702.409168057","-16712.136272927","1.662924573048","-16700.746243756"
"dimer_001352","-16918.683107187","-16926.901302375","1.671734535912","-16917.011372651","-16702.135238513","-16711.923388348","1.62464167073","-16700.510596842"
"dimer_001355","-16919.293648553","-16927.537282318","1.656381319804","-16917.637267505","-16702.080961838","-16711.862788016","1.643742168732","-16700.437219669"
"dimer_001359","-14961.634915704","-14970.931632282","1.80855808105","-14959.826357623","-14761.356479411","-14772.436104332","1.790943869716","-14759.565535542"
"dimer_001360","-16917.636725998","-16925.617224437","1.80457569266","-16915.832150305","-16699.340666101","-16708.913156612","1.706730573224","-16697.6339358"
"dimer_001361","-16917.567397337","-16925.603358596","1.764579288484","-16915.802818321","-16699.164009964","-16708.714764553","1.720748798048","-16697.443261166"
"dimer_001363","-15834.625716798","-15843.273909249","1.791419524988","-15832.834297273","-15625.149994111","-15635.437039659","1.758846662846","-15623.391147448"
"dimer_001717","-16917.408303982","-16925.541734571","1.717802075542","-16915.690501907","-16699.74704006","-16709.408095787","1.703026285342","-16698.044013775"
"dimer_001720","-14961.546841654","-14970.918956123","1.771186488518","-14959.775655438","-14762.106348859","-14773.336084108","1.734150956776","-14760.372197902"
"dimer_001721","-16917.61843259","-16925.717028505","1.737330064638","-16915.881102526","-16700.289609253","-16709.931821357","1.693438348552","-16698.596170904"
"dimer_001722","-16917.178699632","-16925.318645445","1.71039159498","-16915.468308037","-16699.960804927","-16709.610081655","1.70797114095","-16698.252833786"
"dimer_001723","-16917.753178273","-16925.840173967","1.750156702256","-16916.003021298","-16700.0727363","-16709.730765847","1.693108002156","-16698.379628298"
"dimer_001725","-16917.057813531","-16925.146670486","1.73589820077","-16915.32191533","-16700.081586263","-16709.752371426","1.65733616783","-16698.424250096"
"dimer_001747","-16917.286304664","-16925.326029803","1.799702403034","-16915.486602533","-16698.62629338","-16708.179003652","1.743375349262","-16696.882918031"
"dimer_001749","-14961.506379119","-14970.866953505","1.776273659748","-14959.730105187","-14761.025988795","-14772.173338537","1.742975069568","-14759.283013997"
"dimer_001751","-16917.586419739","-16925.723713257","1.670784313824","-16915.915635425","-16698.974191945","-16708.583266823","1.688925337862","-16697.285266607"
"dimer_001752","-16917.081049618","-16925.082232258","1.789993647628","-16915.29105597","-16698.936809196","-16708.44999491","1.725248475152","-16697.211560721"
"dimer_001753","-16916.80170827","-16924.842046482","1.778811394912","-16915.022896875","-16698.678214092","-16708.194039583","1.750483239056","-16696.927730853"
"dimer_001754","-17790.253459323","-17797.727334283","1.736676718924","-17788.516782604","-17562.647401508","-17571.422852425","1.727495864678","-17560.919905371"
"dimer_001784","-16917.619639688","-16925.700234717","1.759976480174","-16915.859663208","-16698.97405099","-16708.569002879","1.711529303614","-16697.262521415"
"dimer_001786","-17791.233016116","-17798.746437132","1.710296627194","-17789.522719489","-17562.791737576","-17571.556946123","1.744295094582","-17561.04744221"
"dimer_001788","-14961.557136815","-14970.894658248","1.785792479582","-14959.771344064","-14761.182144679","-14772.312610291","1.751981770854","-14759.430162636"
"dimer_001789","-16917.602646713","-16925.690626916","1.732012684964","-16915.870634028","-16699.117074653","-16708.738104043","1.676551225826","-16697.440523155"
"dimer_001792","-16917.783072989","-16925.841931824","1.753997319252","-16916.02907567","-16699.161801487","-16708.759212198","1.689562356736","-16697.47223913"
"dimer_001794","-17790.429569599","-17797.896117346","1.72666129104","-17788.702908308","-17562.712349949","-17571.464464915","1.731024366916","-17560.98132531"
"dimer_001795","-16916.970155544","-16925.000367305","1.759476334642","-16915.210679209","-16699.035241265","-16708.537719565","1.738483555884","-16697.29675771"
"dimer_001807","-14961.537371271","-14970.887010484","1.763324298716","-14959.774047244","-14761.161639257","-14772.304286596","1.724249816772","-14759.43738944"
"dimer_001809","-16917.604448107","-16925.6710543","1.733538700276","-16915.870909135","-16699.001745393","-16708.55694578","1.69934512715","-16697.302400266"
"dimer_001810","-16917.810156767","-16925.907807902","1.7228081568","-16916.087348611","-16699.080809748","-16708.695059418","1.667297717142","-16697.413512031"
"dimer_001811","-17791.308564215","-17798.803357667","1.713343215538","-17789.595220999","-17563.185463677","-17572.047208474","1.664547733058","-17561.520915944"
"dimer_001814","-14961.446991871","-14970.782724698","1.76836140097","-14959.678630742","-14761.017040326","-14772.132427829","1.739672149836","-14759.277367904"
"dimer_001815","-16917.256287224","-16925.291602756","1.752794031144","-16915.503493465","-16699.058329322","-16708.602357253","1.711362769846","-16697.346966552"
"dimer_001816","-16917.663775762","-16925.734210599","1.737671839822","-16915.926103923","-16698.954572526","-16708.514174629","1.688566147382","-16697.266006379"
"dimer_001817","-17791.05314332","-17798.49783868","1.735048660862","-17789.318094659","-17562.974739956","-17571.768942249","1.68395980159","-17561.290780154"
"dimer_001857","-14897.742547416","-14905.953125044","1.671452625808","-14896.07109479","-14700.542766741","-14710.42216783","1.593890883932","-14698.948875857"
"dimer_001862","-14898.048159193","-14906.263021801","1.664392628078","-14896.383766565","-14700.925624336","-14710.780467409","1.618015422716","-14699.307608914"
"dimer_001885","-14898.080440894","-14906.261776607","1.698928248502","-14896.381512645","-14700.940805304","-14710.754177931","1.6575688253","-14699.283236207"
"dimer_001889","-14963.083658532","-14972.591926329","1.710701260712","-14961.372956999","-14764.053658685","-14775.451249087","1.664644061414","-14762.389014624"
"dimer_001890","-16919.151870084","-16927.366969975","1.68026041176","-16917.471609672","-16702.225007833","-16711.975030143","1.656409075432","-16700.568598757"
"dimer_001891","-16918.987352136","-16927.209402091","1.688568324294","-16917.298783812","-16701.971064245","-16711.830567542","1.61637212627","-16700.354692119"
"dimer_001892","-16918.872117299","-16927.055534685","1.70993444346","-16917.162182856","-16702.102930145","-16711.857419479","1.66373901025","-16700.439191135"
"dimer_001972","-16917.417758039","-16925.536155962","1.745111164468","-16915.672646875","-16699.5719513","-16709.257599329","1.700016976616","-16697.871934323"
"dimer_001974","-14961.630627732","-14971.017231183","1.76954509687","-14959.861082635","-14762.009582672","-14773.272363989","1.716896208036","-14760.292686736"
"dimer_001975","-16917.745876366","-16925.875198305","1.717149818284","-16916.028726547","-16700.212308741","-16709.871506745","1.69186743443","-16698.520441578"
"dimer_001976","-16917.777914524","-16925.909687666","1.731221105338","-16916.046693691","-16699.894857283","-16709.593201879","1.684028374318","-16698.210829181"
"dimer_001977","-16917.03912583","-16925.121376401","1.756317907444","-16915.282807923","-16699.893109222","-16709.573607494","1.673018641878","-16698.220090581"
"dimer_001979","-17789.70091307","-17797.146880563","1.73839348615","-17787.962519856","-17563.668815693","-17572.507440869","1.710178257604","-17561.958637708"
"dimer_001995","-14961.404625898","-14970.733159677","1.814181588974","-14959.590444309","-14760.836819496","-14771.997567043","1.739446839444","-14759.097372657"
"dimer_001997","-15834.358532415","-15843.097541553","1.756539680354","-15832.601992462","-15624.583816307","-15634.969341","1.705814093272","-15622.878001942"
"dimer_001998","-16917.012356615","-16925.049820215","1.761822773664","-16915.250533842","-16698.750713425","-16708.2871989","1.705547149438","-16697.045166275"
"dimer_001999","-16917.402591765","-16925.478564938","1.763085654738","-16915.639505839","-16698.601650192","-16708.169635311","1.72120676591","-16696.880443426"
"dimer_002001","-17790.44927419","-17797.962371935","1.689202349914","-17788.76007184","-17562.392732192","-17571.239904197","1.654268898822","-17560.738463293"
"dimer_011149","-20547.550152915","-20551.058691237","1.602897313104","-20545.947255601","-20293.396669314","-20297.557565577","1.544915806212","-20291.851753236"
"dimer_002086","-14898.210470024","-14906.537770137","1.611707820196","-14896.598762204","-14701.077570889","-14711.062727723","1.55561315178","-14699.52195801"
"dimer_002096","-14897.956908485","-14906.317957808","1.587131300058","-14896.369777185","-14700.780335597","-14710.76389104","1.554031897326","-14699.226303427"
"dimer_002102","-14963.359957917","-14973.009025117","1.61856264397","-14961.741395273","-14764.286152615","-14775.835784265","1.57446657027","-14762.711686044"
"dimer_002103","-16919.02704214","-16927.342238622","1.617871202296","-16917.409170938","-16702.178268716","-16712.078897962","1.572168839654","-16700.606099876"
"dimer_002104","-16918.801861546","-16927.110002112","1.632663047222","-16917.169198499","-16702.059801709","-16711.981540743","1.564612505988","-16700.495189203"
"dimer_002105","-16918.821708453","-16927.14865781","1.61526598286","-16917.206442198","-16702.064738401","-16711.979678123","1.571773730126","-16700.492964671"
"dimer_002110","-16919.537723926","-16927.949582375","1.571151133294","-16917.966572793","-16702.190515206","-16712.196763869","1.534832621942","-16700.655682585"
"dimer_002127","-14898.309388361","-14906.536057723","1.66199612008","-14896.647392241","-14701.333645129","-14711.168758032","1.646751749572","-14699.68689338"
"dimer_002148","-14897.655929992","-14905.85193646","1.695333894676","-14895.960596097","-14700.473453863","-14710.37299166","1.578631547154","-14698.894822316"
"dimer_002153","-14898.011439586","-14906.212490775","1.68740476483","-14896.324034821","-14700.969202849","-14710.831946207","1.615732386256","-14699.353470463"
"dimer_002173","-14962.891876122","-14972.441547697","1.654516522562","-14961.237359599","-14764.03697592","-14775.458488952","1.64985031169","-14762.387125608"
"dimer_002174","-16919.076269467","-16927.309827395","1.68960208538","-16917.386667382","-16701.889051535","-16711.725258608","1.624190233604","-16700.264861301"
"dimer_002175","-16918.786553229","-16926.981748253","1.705987157776","-16917.080566071","-16702.112796999","-16711.902098421","1.639099903892","-16700.473697367"
"dimer_002176","-16918.491996627","-16926.728543455","1.678530855176","-16916.813465772","-16701.957718958","-16711.75611443","1.640677076636","-16700.317041882"
"dimer_002204","-14961.622354378","-14970.999413974","1.766568986052","-14959.855785392","-14762.129655968","-14773.418900371","1.680441639684","-14760.449214056"
"dimer_002205","-16917.745363431","-16925.916464393","1.696822086142","-16916.048541345","-16700.005832991","-16709.715558484","1.665213051788","-16698.340619667"
"dimer_002206","-16917.642896183","-16925.744283443","1.74347929681","-16915.899416886","-16700.024287218","-16709.724216063","1.670057225216","-16698.354229721"
"dimer_002208","-16917.743412918","-16925.854407434","1.719264416178","-16916.024148502","-16700.282380545","-16709.92044291","1.698341570718","-16698.584038974"
"dimer_002291","-14961.413427425","-14970.808725191","1.787858913298","-14959.625568512","-14761.850834357","-14773.107656106","1.74903858583","-14760.101795772"
"dimer_002292","-16917.254912504","-16925.368617821","1.769360603578","-16915.485552173","-16699.83370728","-16709.528140782","1.694278908698","-16698.139428372"
"dimer_002293","-16916.945393714","-16925.087022825","1.746839088368","-16915.198554626","-16699.687885742","-16709.370078195","1.715458629774","-16697.972427384"
"dimer_002294","-16917.029192037","-16925.186857642","1.676194484372","-16915.352997552","-16699.823941653","-16709.477733569","1.707925697912","-16698.116015955"
"dimer_002296","-16916.65951782","-16924.787451706","1.747811623804","-16914.911706197","-16699.430279772","-16709.082544583","1.72932392653","-16697.700955845"
"dimer_002299","-16917.326271408","-16925.55040766","1.685972628848","-16915.640299051","-16699.472929015","-16709.165353772","1.720142255942","-16697.752786759"
"dimer_002330","-16917.312539175","-16925.42574625","1.764123769648","-16915.548415677","-16698.523363266","-16708.102393765","1.740080048722","-16696.78328349"
"dimer_002331","-17790.444920094","-17797.982535854","1.69055720552","-17788.754362888","-17562.522733023","-17571.388873822","1.664602427972","-17560.858130595"
"dimer_002332","-17790.875093143","-17798.414773705","1.725236230022","-17789.149856641","-17562.408808687","-17571.214889573","1.740914894474","-17560.667893793"
"dimer_002334","-14961.429089219","-14970.754171504","1.825056080756","-14959.604033138","-14760.918194916","-14772.066950942","1.76584570704","-14759.152349208"
"dimer_002335","-16917.412077387","-16925.479423458","1.78728148739","-16915.6247959","-16698.803403675","-16708.429045397","1.70531666888","-16697.098087278"
"dimer_002336","-15834.150919501","-15842.868012578","1.785888535824","-15832.365030965","-15624.594667669","-15634.959481221","1.744627345776","-15622.850040323"
"dimer_002338","-15834.316888633","-15843.012891242","1.801767748294","-15832.515120884","-15624.707916346","-15635.067200542","1.743127997636","-15622.964788348"
"dimer_002339","-16916.955533498","-16924.98399992","1.786869778908","-16915.168663719","-16698.806796937","-16708.312602646","1.761383581668","-16697.045413355"
"dimer_002341","-17789.977138168","-17797.442424395","1.75161686598","-17788.225521574","-17562.165837552","-17570.957920622","1.721562963136","-17560.444274589"
"dimer_002342","-16916.607316831","-16924.668408089","1.78064734807","-16914.826669483","-16698.458308972","-16707.969051646","1.777940357998","-16696.680368614"
"dimer_002344","-17789.344625774","-17796.757185015","1.775206700754","-17787.569418801","-17562.101914708","-17570.846381637","1.738038105266","-17560.363876603"
"dimer_002345","-17790.165823376","-17797.608033247","1.779313173128","-17788.386510203","-17562.451614669","-17571.194892187","1.776001545748","-17560.675613123"
"dimer_002358","-14961.536110022","-14970.938820989","1.754074871742","-14959.782035151","-14761.986738701","-14773.224160626","1.738746418008","-14760.247992283"
"dimer_002359","-16917.297698893","-16925.406700447","1.74881681292","-16915.54888208","-16699.993250984","-16709.667516757","1.688364783022","-16698.304886473"
"dimer_002360","-16917.110606368","-16925.237962828","1.733102501534","-16915.377504139","-16699.801272924","-16709.480460423","1.69264704104","-16698.108625883"
"dimer_010780","-19055.148775029","-19064.769199782","1.853668051514","-19053.295106706","-18809.268865897","-18820.711412526","1.810183417972","-18807.458682752"
"dimer_010840","-19865.83847309","-19873.773414475","1.679655502338","-19864.158817588","-19613.36478622","-19622.760160721","1.648487836892","-19611.716298383"
"dimer_002361","-16917.528067885","-16925.638867024","1.74332963411","-16915.784737978","-16699.701479197","-16709.360944689","1.711377736116","-16697.99010146"
"dimer_002364","-14961.524141088","-14970.838640043","1.810749142978","-14959.713392217","-14761.043859066","-14772.182815451","1.747157461748","-14759.296701604"
"dimer_002365","-16917.362169503","-16925.428420859","1.755145096104","-16915.607024135","-16698.82843653","-16708.397771063","1.717855954114","-16697.110580576"
"dimer_002366","-15834.152468918","-15843.005430148","1.67605080818","-15832.47641811","-15624.728779054","-15635.0740804","1.738052255194","-15622.990726527"
"dimer_002367","-16917.575398033","-16925.577365994","1.800790042692","-16915.77460799","-16699.163485873","-16708.682003116","1.759474974072","-16697.404010626"
"dimer_002368","-15834.599754401","-15843.315495616","1.7484957184","-15832.851258683","-15624.934098319","-15635.262175121","1.737697962766","-15623.196400084"
"dimer_002369","-16917.726961994","-16925.842033867","1.731970507294","-16915.994991214","-16698.993494352","-16708.606783731","1.692382274118","-16697.301112078"
"dimer_002371","-17790.514025893","-17797.995448208","1.707044864894","-17788.806981028","-17562.627318678","-17571.442638379","1.684420218478","-17560.94289846"
"dimer_002372","-17791.096397473","-17798.524958106","1.779154258552","-17789.317242942","-17562.71456142","-17571.515921128","1.712924159978","-17561.00163726"
"dimer_002573","-14961.469967817","-14970.848177639","1.769596254302","-14959.700371562","-14761.065490496","-14772.22725466","1.736748012792","-14759.328742483"
"dimer_002575","-16916.805758959","-16924.856675331","1.76160481035","-16915.044154149","-16698.878365912","-16708.404734732","1.729776724226","-16697.148589188"
"dimer_002576","-16917.514064082","-16925.625306222","1.74542355134","-16915.768640803","-16698.624931449","-16708.178862697","1.746974056912","-16696.877957393"
"dimer_002577","-17790.888122778","-17798.387662987","1.74798958636","-17789.14013292","-17562.774091256","-17571.653415706","1.683261012838","-17561.090830243"
"dimer_002795","-16917.277159184","-16925.438080089","1.724075119584","-16915.553084065","-16699.585138489","-16709.300019725","1.680500416308","-16697.904638072"
"dimer_002798","-14961.482441795","-14970.896360049","1.754692842636","-14959.727748952","-14762.011653459","-14773.303264438","1.69991520598","-14760.311738525"
"dimer_002799","-16917.676180079","-16925.880310782","1.683455302234","-16915.992724777","-16699.898848379","-16709.570787577","1.71595224457","-16698.182896134"
"dimer_002800","-16917.340466234","-16925.45035107","1.75125631493","-16915.589209919","-16700.050464585","-16709.685724177","1.733536523364","-16698.316928062"
"dimer_002801","-16917.325478195","-16925.455977027","1.733392575058","-16915.59208562","-16700.021883363","-16709.676255426","1.714268403138","-16698.30761496"
"dimer_002803","-16916.951578865","-16925.096513889","1.711362769846","-16915.240216095","-16699.912875856","-16709.578246766","1.695414712534","-16698.217461143"
"dimer_002855","-14961.421712208","-14970.793590754","1.78878627781","-14959.632925658","-14760.935983008","-14772.076499423","1.774675262112","-14759.161307746"
"dimer_002856","-16917.251051751","-16925.372589869","1.755810414834","-16915.495241336","-16698.49638017","-16708.144421772","1.692319960012","-16696.804060482"
"dimer_002857","-16916.636210168","-16924.718872991","1.755401155378","-16914.880809013","-16698.656242247","-16708.202797572","1.73756217788","-16696.918680069"
"dimer_002858","-15834.397743498","-15843.109739063","1.792026611322","-15832.605716887","-15624.732007959","-15635.062719368","1.773301902754","-15622.958706056"
"dimer_002859","-17791.139442642","-17798.745247178","1.676458162838","-17789.462984752","-17562.732217265","-17571.64552821","1.668717063766","-17561.063500201"
"dimer_002860","-16917.477514546","-16925.466233548","1.841444146406","-16915.636070399","-16699.030766895","-16708.543555866","1.79062440788","-16697.240142487"
"dimer_002862","-17790.014780514","-17797.435656375","1.784798719254","-17788.229981795","-17562.253969291","-17571.024344193","1.736122966934","-17560.517846051"
"dimer_002921","-14897.838399028","-14906.094670856","1.66672001912","-14896.171679009","-14700.828989308","-14710.717951122","1.621552904716","-14699.207436403"
"dimer_002928","-14897.594037391","-14905.855771363","1.651018224978","-14895.943019166","-14700.4283126","-14710.307353681","1.621365690284","-14698.806946637"
"dimer_002934","-14897.591335843","-14905.850147855","1.656665134706","-14895.934670708","-14700.46413668","-14710.339943415","1.627879555216","-14698.836257125"
"dimer_002942","-14962.914664853","-14972.444260673","1.721606501376","-14961.193058352","-14763.936040674","-14775.384359656","1.646401538854","-14762.289639135"
"dimer_002943","-16918.722854607","-16926.978490504","1.681149408198","-16917.041705471","-16702.017452063","-16711.817336271","1.654461011306","-16700.362991052"
"dimer_002944","-16918.502295325","-16926.775744893","1.671349494602","-16916.830945831","-16701.845339686","-16711.640546526","1.66665335119","-16700.178686063"
"dimer_002947","-16918.317119299","-16926.540071856","1.706797513268","-16916.610321786","-16701.724479164","-16711.529732453","1.65290070963","-16700.071578183"
"dimer_002950","-16918.703313829","-16926.94932723","1.711309435502","-16916.992004393","-16701.705560166","-16711.559629346","1.660205065732","-16700.045355101"
"dimer_003009","-16917.273682928","-16925.309602281","1.81134316784","-16915.46233976","-16698.566894159","-16708.090560888","1.774532402262","-16696.792361757"
"dimer_003011","-17790.526693616","-17798.083064562","1.66764928843","-17788.859044328","-17562.608379816","-17571.469110717","1.655502391584","-17560.952877424"
"dimer_003012","-14961.419363865","-14970.719057369","1.83855728898","-14959.580806576","-14760.885195107","-14772.035610212","1.747728901148","-14759.137466477"
"dimer_003013","-16917.065055301","-16925.134299911","1.773125300768","-16915.29193","-16698.793269877","-16708.365587052","1.739626706798","-16697.053643443"
"dimer_003014","-15834.369930726","-15843.068718422","1.788914443504","-15832.581016555","-15624.642230475","-15635.020750954","1.706576012472","-15622.935654463"
"dimer_003015","-16917.47402169","-16925.531182262","1.783655024112","-16915.690366938","-16698.710135785","-16708.296283698","1.713155728992","-16696.996980056"
"dimer_003016","-17790.66656892","-17798.159608325","1.743265415206","-17788.923303232","-17562.661794978","-17571.566918829","1.658526938694","-17561.003268039"
"dimer_003018","-16916.739466002","-16924.79942962","1.767514582202","-16914.97195142","-16698.643850992","-16708.174092267","1.735784185004","-16696.908066807"
"dimer_003019","-17790.049733558","-17797.502602678","1.768397047904","-17788.28133651","-17562.519965624","-17571.305996061","1.725503718084","-17560.794461906"
"dimer_003067","-14961.31062711","-14970.682183201","1.798086590102","-14959.51254052","-14760.713082729","-14771.869627475","1.767687102478","-14758.945395627"
"dimer_003068","-16917.100985234","-16925.166375077","1.784592456842","-16915.316392777","-16698.712450659","-16708.277522526","1.760682071776","-16696.951768315"
"dimer_003069","-15834.228187904","-15842.957622984","1.790189297594","-15832.437998607","-15624.454548823","-15634.811955705","1.758120934808","-15622.696427889"
"dimer_003070","-16916.769504939","-16924.861454469","1.748113670344","-16915.021391268","-16698.563385249","-16708.10789972","1.74004249699","-16696.823342752"
"dimer_003071","-16916.868142182","-16924.894648839","1.81625890725","-16915.051883275","-16698.462202652","-16707.9988933","1.750772224124","-16696.711430427"
"dimer_003072","-17790.069895844","-17797.546513714","1.747881012874","-17788.322014831","-17562.329041189","-17571.155691172","1.70884190575","-17560.620199011"
"dimer_003074","-16916.586530315","-16924.666306281","1.77938882082","-16914.807141494","-16698.405420623","-16707.919970172","1.784895591838","-16696.620525031"
"dimer_003076","-17789.414305734","-17796.86050534","1.768864539756","-17787.645441194","-17562.05705209","-17570.802005014","1.74734331561","-17560.309708774"
"dimer_003077","-16917.260637511","-16925.400959386","1.749844315384","-16915.510793467","-16698.504174603","-16708.164628958","1.69027828867","-16696.813896315"
"dimer_003079","-17790.061589565","-17797.544048361","1.756835468272","-17788.304754096","-17562.018065501","-17570.791238552","1.749352605386","-17560.268712623"
"dimer_003096","-16917.306144768","-16925.43458669","1.750300922676","-16915.555843845","-16698.606172999","-16708.167213225","1.757451262254","-16696.848721736"
"dimer_003097","-17790.212595963","-17797.686481536","1.742022398454","-17788.470573565","-17562.456390269","-17571.294959662","1.687453473236","-17560.768936796"
"dimer_003099","-14961.373451974","-14970.723511603","1.771540236718","-14959.601911737","-14761.064191968","-14772.197007284","1.778105531196","-14759.286086165"
"dimer_003100","-16917.333566512","-16925.390143671","1.786390586154","-16915.547175926","-16698.84186971","-16708.397026287","1.750746917522","-16697.091122792"
"dimer_003101","-15834.277352373","-15842.963397243","1.807155877608","-15832.470196496","-15624.787532004","-15635.135317207","1.75209034434","-15623.03544166"
"dimer_003103","-15834.382841447","-15843.034787711","1.830354140336","-15832.552487307","-15624.913308265","-15635.237175191","1.763636957702","-15623.149671307"
"dimer_003104","-16916.722771264","-16924.7338828","1.814120363324","-16914.908650901","-16698.840218522","-16708.359542039","1.759112518224","-16697.081106004"
"dimer_003976","-19862.31370208","-19869.961835852","1.804825493312","-19860.508876858","-19610.305515731","-19619.449256076","1.749533016968","-19608.555982986"
"dimer_003995","-20735.662329818","-20742.706105472","1.812367404936","-20733.849962413","-20474.404269683","-20482.787471807","1.741173947002","-20472.663095736"
"dimer_004037","-19862.349921541","-19870.024463978","1.806673963714","-19860.543247578","-19609.439033733","-19618.507429521","1.77508669848","-19607.663947034"
"dimer_004038","-20735.730734379","-20742.804386245","1.79322989943","-20733.937504752","-20473.381706361","-20481.718619444","1.741838993618","-20471.639867367"
"dimer_004056","-19863.918519973","-19871.760244081","1.721159962302","-19862.197360011","-19612.301615325","-19621.593534532","1.718977608022","-19610.582637717"
"dimer_004066","-19862.193792324","-19869.921016031","1.786475757836","-19860.407316566","-19610.056611694","-19619.235487127","1.76379804919","-19608.292813645"
"dimer_004067","-20734.980029269","-20742.01860809","1.809625040044","-20733.170404229","-20473.937688597","-20482.334085257","1.744153051074","-20472.193535546"
"dimer_004070","-19862.142529312","-19869.809557593","1.846069812292","-19860.296459228","-19609.091654633","-19618.145223746","1.815282834332","-19607.276371799"
"dimer_004072","-20734.88833311","-20741.925561157","1.826128209916","-20733.062204628","-20472.693286785","-20480.937280829","1.809406804616","-20470.88387998"
"dimer_004081","-19863.89284384","-19871.842553124","1.687705722914","-19862.205138118","-19612.359444448","-19621.810528576","1.635397792922","-19610.724046655"
"dimer_004107","-19863.8970246","-19871.730847878","1.738435119592","-19862.15858948","-19612.339373863","-19621.649761176","1.70661601323","-19610.632757578"
"dimer_004113","-19862.181020109","-19869.856608008","1.821630709724","-19860.3593894","-19610.226314774","-19619.397949253","1.758944623886","-19608.46737015"
"dimer_004115","-20735.342124294","-20742.377286451","1.803375397806","-20733.538748896","-20474.078115476","-20482.420902684","1.770001159934","-20472.308114316"
"dimer_004117","-19862.339994551","-19870.035800791","1.812818569948","-19860.527176253","-19610.289747268","-19619.390790478","1.824974174442","-19608.464773094"
"dimer_004119","-20735.984693477","-20743.099875927","1.767840846888","-20734.21685263","-20474.241562655","-20482.615983932","1.75801018441","-20472.48355247"
"dimer_004127","-19862.264833943","-19870.012006327","1.786830594492","-19860.478003348","-19610.278451544","-19619.466897771","1.768298270522","-19608.510153546"
"dimer_004131","-19862.176086411","-19869.83675838","1.832324789924","-19860.343761621","-19609.180604346","-19618.282346889","1.731529682614","-19607.449074663"
"dimer_004132","-20735.558201586","-20742.602522012","1.831677158604","-20733.726524427","-20473.046630623","-20481.313349179","1.811582083932","-20471.235048539"
"dimer_004157","-19862.302614795","-19870.022637821","1.80118379165","-19860.501431275","-19610.303110515","-19619.506964108","1.756475733564","-19608.546634781"
"dimer_004158","-20735.366035495","-20742.434381683","1.832064921054","-20733.533970574","-20474.020182133","-20482.397334074","1.788228716224","-20472.231953417"
"dimer_004166","-19862.004485336","-19869.717238292","1.813422663028","-19860.191062673","-19609.149288922","-19618.30145174","1.74045338913","-19607.408835533"
"dimer_004167","-20735.392647428","-20742.503569389","1.81148194598","-20733.581165482","-20472.991122361","-20481.353035646","1.76467969855","-20471.22644239"
"dimer_004336","-16908.460062308","-16915.712843011","1.71417397958","-16906.745888328","-16687.175539794","-16695.752431574","1.674863846912","-16685.500676219"
"dimer_004455","-18720.057846673","-18727.26139243","1.77850172918","-18718.279344672","-18478.998608483","-18487.573553832","1.703203159442","-18477.295405052"
"dimer_004484","-17846.459340186","-17854.176948745","1.860738389576","-17844.598601797","-17614.483126905","-17623.71391652","1.799720634672","-17612.683406543"
"dimer_004485","-18928.204366757","-18935.310724005","1.779713180708","-18926.424653849","-18687.64962112","-18696.101969861","1.744304618572","-18685.905316502"
"dimer_004486","-18720.176605386","-18727.380686663","1.783775026386","-18718.39283036","-18478.857060495","-18487.440475936","1.701185434132","-18477.155875061"
"dimer_004489","-18719.960403194","-18727.123629547","1.805804831598","-18718.154598362","-18478.868390777","-18487.424456041","1.7261415533","-18477.142248952"
"dimer_004533","-17845.761815132","-17853.501743297","1.839669963126","-17843.922145169","-17613.970433108","-17623.201421638","1.778441591986","-17612.191991516"
"dimer_004534","-18719.362695813","-18726.543662094","1.797903729494","-18717.564792084","-18478.309290931","-18486.837745876","1.72482724268","-18476.584463688"
"dimer_004539","-17845.818460559","-17853.569442811","1.828451247134","-17843.990009312","-17614.082468157","-17623.336073441","1.758155221172","-17612.324312936"
"dimer_004540","-18719.500615162","-18726.716469178","1.770063746154","-18717.730551143","-18478.549974403","-18487.077641306","1.730876609014","-18476.819097794"
"dimer_004542","-18720.495734155","-18727.711905456","1.75255565928","-18718.743178768","-18479.393138953","-18487.899252249","1.72331020713","-18477.669828745"
"dimer_004544","-18719.401231782","-18726.599588596","1.784322791868","-18717.61690899","-18478.475833407","-18486.993040791","1.718963458094","-18476.756869676"
"dimer_011397","-18990.63162565","-18999.039440213","1.787740271594","-18988.843885378","-18747.397751149","-18757.409577332","1.723432386316","-18745.674318763"
"dimer_011476","-21012.394928631","-21020.790490445","1.827895590346","-21010.567033041","-20749.713017842","-20759.622138949","1.778453837116","-20747.934564005"
"dimer_004771","-17846.076870898","-17853.884196259","1.81023566386","-17844.266635234","-17613.95620454","-17623.287380546","1.73255528028","-17612.223649259"
"dimer_004772","-18927.631557263","-18934.793394202","1.758730470168","-18925.872827065","-18686.946100034","-18695.460753084","1.715166107224","-18685.230933927"
"dimer_004773","-18719.627245316","-18726.877905163","1.757343777224","-18717.869901539","-18478.320013311","-18486.960426568","1.667190232112","-18476.652823079"
"dimer_004777","-18720.524997294","-18727.752258874","1.753493636238","-18718.771503386","-18479.074655911","-18487.587269194","1.762934631468","-18477.311721007"
"dimer_004782","-18719.277704815","-18726.550713656","1.72528575477","-18717.55241906","-18478.285922053","-18486.849765695","1.714111121246","-18476.571810932"
"dimer_004813","-17845.467720035","-17853.293299075","1.792135729036","-17843.675584306","-17613.54278446","-17622.856636329","1.729150862026","-17611.813633598"
"dimer_004814","-18719.771861662","-18726.969654384","1.797514606474","-18717.974347056","-18478.63317081","-18487.173462441","1.725775832084","-18476.907394978"
"dimer_004817","-18718.571488167","-18725.786743533","1.778784999854","-18716.792703167","-18477.780649349","-18486.302994246","1.730317958972","-18476.05033139"
"dimer_004828","-17846.176077404","-17854.045969665","1.749666352828","-17844.426410779","-17614.042467127","-17623.426735567","1.682581816294","-17612.35988531"
"dimer_004829","-18927.805828865","-18934.954020919","1.768256364966","-18926.0375725","-18687.107450574","-18695.598493653","1.732184661012","-18685.375265913"
"dimer_004830","-18719.607687939","-18726.801504531","1.81268060815","-18717.795007331","-18478.330921273","-18486.922268566","1.698797905896","-18476.632123367"
"dimer_004840","-18719.415903352","-18726.68806483","1.734807295744","-18717.681096056","-18478.433157224","-18487.054795431","1.67495282819","-18476.758204396"
"dimer_004906","-17846.073087425","-17853.894015493","1.79302037165","-17844.280067053","-17613.948165476","-17623.279498492","1.728981607118","-17612.219183869"
"dimer_004907","-18720.75937262","-18727.980200881","1.76950019806","-18718.989872422","-18479.322259786","-18487.876876587","1.732975152182","-18477.589284634"
"dimer_004908","-18719.772910117","-18727.021980002","1.756663764338","-18718.016246353","-18478.213630615","-18486.777940933","1.71731009343","-18476.496320249"
"dimer_004911","-18927.608818057","-18934.749317448","1.781727912764","-18925.827090144","-18686.967577448","-18695.479054383","1.71757812572","-18685.249999322"
"dimer_004916","-18719.272093552","-18726.489795223","1.768246840976","-18717.503846711","-18478.272946569","-18486.833716411","1.70948001308","-18476.563466556"
"dimer_004943","-17845.585879553","-17853.441306506","1.757002546268","-17843.828877279","-17613.645389126","-17622.951352137","1.723545313626","-17611.921843812"
"dimer_004944","-18719.118223153","-18726.341606837","1.7784826812","-18717.339740472","-18477.963317028","-18486.518921331","1.70515203991","-18476.258164988"
"dimer_004946","-18719.991030169","-18727.224137846","1.754778558546","-18718.23625161","-18478.811022343","-18487.373111667","1.699963098044","-18477.111059517"
"dimer_004958","-16908.389019329","-16915.702012601","1.66197026925","-16906.72704906","-16687.142839038","-16695.7934631","1.610134729162","-16685.532704309"
"dimer_005062","-18719.884849926","-18727.04231236","1.815205009728","-18718.069644644","-18478.6624881","-18487.221325661","1.712799531766","-18476.949688568"
"dimer_005076","-17846.362809378","-17854.121495994","1.823830207186","-17844.538978898","-17614.397796309","-17623.638758361","1.79005432905","-17612.60774198"
"dimer_005077","-18719.892711843","-18727.069840772","1.80347771267","-18718.089234131","-18478.760191448","-18487.275659208","1.76807704184","-18476.992114678"
"dimer_005079","-18720.000556064","-18727.217677315","1.766288708632","-18718.234267355","-18478.777541165","-18487.363872308","1.700464332032","-18477.077077105"
"dimer_005084","-18928.02107893","-18935.13446842","1.777401572278","-18926.243677358","-18687.537448655","-18696.001147542","1.739970931008","-18685.797477724"
"dimer_005107","-17845.83869931","-17853.632214341","1.79176592611","-17844.046933384","-17614.274376011","-17623.591343585","1.704331888314","-17612.570044123"
"dimer_005108","-18719.440260548","-18726.624132463","1.798220198076","-18717.64204035","-18478.738306408","-18487.349824151","1.656126893214","-18477.082179787"
"dimer_005117","-17845.773729371","-17853.554797092","1.80475936961","-17843.968970274","-17614.079733139","-17623.338050894","1.757521467666","-17612.322211671"
"dimer_005118","-18719.641926683","-18726.870174948","1.75962926271","-18717.882297148","-18478.543476865","-18487.08902329","1.71871964395","-18476.824757221"
"dimer_005120","-18719.412066817","-18726.641816063","1.756645260586","-18717.655421556","-18478.438568483","-18486.983653674","1.709485999588","-18476.729082211"
"dimer_005125","-18720.426959518","-18727.614621164","1.781430764276","-18718.645528754","-18479.203063514","-18487.688901324","1.752934986196","-18477.450128528"
"dimer_005220","-17845.816798487","-17853.702190633","1.761284260058","-17844.055514227","-17613.517277855","-17622.915178935","1.695596212572","-17611.821681642"
"dimer_005221","-18927.283354202","-18934.491088337","1.738735261334","-18925.544618669","-18686.482858603","-18695.026680097","1.7126038818","-18684.770254721"
"dimer_005222","-18720.160169973","-18727.437761486","1.748434764864","-18718.411735208","-18478.712316527","-18487.366362967","1.678983108644","-18477.033333419"
"dimer_005224","-18720.33582854","-18727.639878513","1.720173276938","-18718.615655263","-18478.817448316","-18487.485616928","1.659567230516","-18477.157881085"
"dimer_005226","-18719.251884462","-18726.555104488","1.712846335374","-18717.539038398","-18477.915294621","-18486.517298715","1.692239414268","-18476.223055207"
"dimer_005249","-17845.537760818","-17853.402369713","1.772507874102","-17843.765252672","-17613.260109172","-17622.634560556","1.71314947037","-17611.546959429"
"dimer_005250","-18720.222253054","-18727.515494932","1.728244450292","-18718.494008604","-18478.661261954","-18487.301575345","1.687069520382","-18476.974192434"
"dimer_005251","-18927.07884366","-18934.279223915","1.75053929454","-18925.328304094","-18686.302943356","-18694.900579204","1.668729308896","-18684.634214048"
"dimer_005253","-18719.031030481","-18726.320109559","1.718781685942","-18717.312248795","-18477.780550299","-18486.418449223","1.657354943696","-18476.123195356"
"dimer_005269","-17845.31850469","-17853.181101303","1.77440777405","-17843.544096916","-17613.300853073","-17622.70805637","1.661256786342","-17611.639596015"
"dimer_005270","-18719.621304251","-18726.933679009","1.716166398288","-18717.905137853","-18478.342852383","-18486.933121016","1.70122271375","-18476.641629397"
"dimer_005301","-17845.883019878","-17853.790442918","1.71895910427","-17844.164060773","-17613.668351194","-17623.095619905","1.643655908594","-17612.024695285"
"dimer_005302","-18927.35893822","-18934.587147301","1.70143768381","-18925.657500264","-18686.584958769","-18695.12437256","1.690771903466","-18684.894186865"
"dimer_005303","-18720.216521517","-18727.483980321","1.735580643732","-18718.480940873","-18478.858019152","-18487.481681071","1.686638219692","-18477.171380661"
"dimer_005305","-18720.235285954","-18727.550219671","1.686904619298","-18718.548381335","-18478.944011258","-18487.581631809","1.663466624136","-18477.280544634"
"dimer_005313","-18718.79562221","-18726.107112053","1.680436469518","-18717.115185741","-18477.803068821","-18486.372821147","1.699750032782","-18476.103318789"
"dimer_005317","-17845.562652446","-17853.423062623","1.754913254976","-17843.807739191","-17613.388521129","-17622.739257234","1.713811523732","-17611.674709333"
"dimer_005318","-18720.283718436","-18727.553834706","1.728116012484","-18718.555602696","-18478.799817777","-18487.419851056","1.682990259408","-18477.116827518"
"dimer_005319","-18927.120751393","-18934.319190114","1.733728907962","-18925.387022485","-18686.416565918","-18694.989211359","1.66764384615","-18684.748922072"
"dimer_005325","-18718.509172701","-18725.764188004","1.729021063648","-18716.780151909","-18477.742782509","-18486.303534664","1.722573866646","-18476.020208914"
"dimer_005329","-17845.456525265","-17853.303503894","1.75915986606","-17843.697365127","-17613.527615193","-17622.909310252","1.650140657328","-17611.877474264"
"dimer_005330","-18719.796419134","-18727.10766353","1.685160912786","-18718.111258221","-18478.606439963","-18487.242738856","1.63238059289","-18476.974059642"
"dimer_005379","-16908.102255799","-16915.46371448","1.655373409548","-16906.44688239","-16686.669446938","-16695.354020487","1.61032031091","-16685.059126627"
"dimer_005520","-17845.894327575","-17853.70416346","1.804882093024","-17844.089445482","-17613.926762893","-17623.262397759","1.73114164805","-17612.195621245"
"dimer_005521","-18927.603327885","-18934.79005237","1.742447168408","-18925.860880716","-18686.936655229","-18695.469278416","1.703086150422","-18685.233569079"
"dimer_005522","-18720.323297962","-18727.552015624","1.757948142418","-18718.56534982","-18478.917771033","-18487.535535697","1.67035138045","-18477.247419652"
"dimer_005524","-18719.571904948","-18726.890448257","1.70865958937","-18717.863245358","-18478.202378157","-18486.852521938","1.655731511572","-18476.546646645"
"dimer_005532","-18719.398080702","-18726.664505745","1.74123299574","-18717.656847706","-18478.283086897","-18486.888595819","1.679129233862","-18476.603957663"
"dimer_005566","-17846.080079666","-17853.915876859","1.78279024582","-17844.297289148","-17613.958355601","-17623.30645873","1.718642907802","-17612.239712693"
"dimer_005567","-18720.50366655","-18727.738990868","1.758794416958","-18718.744872133","-18479.063845366","-18487.680322386","1.674969971372","-18477.388875394"
"dimer_005568","-18927.612873372","-18934.789847468","1.74770114552","-18925.865172226","-18686.96711948","-18695.513689325","1.68928915428","-18685.277830325"
"dimer_005570","-18719.625249632","-18726.935990345","1.71231544096","-18717.912934191","-18478.25442649","-18486.829704363","1.715846936452","-18476.538579554"
"dimer_005575","-18719.12743775","-18726.360036846","1.759145444018","-18717.368292306","-18478.207598392","-18486.79172269","1.710713233728","-18476.496885158"
"dimer_005602","-17845.478961064","-17853.350279203","1.756028922376","-17843.72293187","-17613.593110312","-17622.95977978","1.681096073854","-17611.91201451"
"dimer_005603","-18719.910869194","-18727.190005499","1.733545503126","-18718.177323419","-18478.666776889","-18487.23230655","1.71000927481","-18476.956767614"
"dimer_005604","-18719.888030938","-18727.165830619","1.729656177724","-18718.158374761","-18478.77229263","-18487.360834972","1.683509997148","-18477.088782361"
"dimer_005608","-18718.774909981","-18726.039553222","1.73976630128","-18717.03514368","-18477.8664439","-18486.439648536","1.69550287747","-18476.170941022"
"dimer_005614","-17845.940104225","-17853.769641707","1.79019174662","-17844.149912478","-17613.791769315","-17623.133723212","1.720599407462","-17612.071169907"
"dimer_005615","-18719.405355941","-18726.64059155","1.775525074134","-18717.629830867","-18478.184640406","-18486.809190232","1.68608909364","-18476.498551312"
"dimer_005617","-18927.361238399","-18934.541218267","1.754815021822","-18925.606423378","-18686.790687293","-18695.321860656","1.70758065736","-18685.083106363"
"dimer_005619","-18719.128246473","-18726.355071582","1.76481983726","-18717.363426363","-18478.184597956","-18486.761994236","1.713795196892","-18476.470802487"
"dimer_005634","-17845.741410391","-17853.635233174","1.725564127392","-17844.015846536","-17613.782114982","-17623.12435079","1.693374673876","-17612.088740308"
"dimer_005635","-18719.419074024","-18726.694485905","1.73163689553","-18717.687437129","-18478.249564901","-18486.855608255","1.663903911334","-18476.58566099"
"dimer_005637","-18720.137710227","-18727.420616943","1.708020393584","-18718.429689834","-18478.997392406","-18487.620293766","1.643319847804","-18477.35407283"
"dimer_005639","-18720.043501639","-18727.316357281","1.727886076154","-18718.315615563","-18478.962406437","-18487.594654913","1.644134285006","-18477.318272152"
"dimer_005814","-17099.465442063","-17110.247734547","1.908656304406","-17097.556785759","-16871.573827272","-16884.512945933","1.832891603386","-16869.740935669"
"dimer_005815","-19056.033040493","-19065.536889704","1.86123390917","-19054.171806584","-18810.10674817","-18821.400095236","1.826951354766","-18808.279796815"
"dimer_005816","-19055.670822201","-19065.181087315","1.863087821852","-19053.807734107","-18809.523436164","-18820.866482403","1.816532926048","-18807.706903238"
"dimer_005817","-21011.989077947","-21020.283634582","1.79127339977","-21010.197804547","-20747.678019007","-20757.505513534","1.744274413918","-20745.933744865"
"dimer_006109","-20947.629597133","-20954.690089567","1.754106436966","-20945.875490697","-20685.510527214","-20693.889863959","1.717899764468","-20683.79262745"
"dimer_006116","-19865.681521545","-19873.375107063","1.805927010784","-19863.875594534","-19612.318080943","-19621.457549915","1.749896289158","-19610.568184654"
"dimer_006117","-18991.567541889","-18999.85975535","1.80746826448","-18989.760073352","-18747.743715528","-18757.672597554","1.752275653974","-18745.991439874"
"dimer_006118","-20947.707993721","-20954.692335868","1.801661623834","-20945.906332369","-20685.688596711","-20694.027268739","1.73084504379","-20683.957751667"
"dimer_006119","-19866.758045618","-19874.448069164","1.814339415094","-19864.943706203","-19613.585760747","-19622.763973855","1.747785228746","-19611.837975518"
"dimer_006120","-20949.325555802","-20956.375185444","1.791426599952","-20947.534129202","-20687.343764402","-20695.692008313","1.761284804286","-20685.58247987"
"dimer_006121","-19866.664238126","-19874.318912975","1.856166330148","-19864.808071796","-19613.757252976","-19622.869876542","1.793542014188","-19611.963711234"
"dimer_006122","-20947.339108636","-20954.319619689","1.838632392444","-20945.500476243","-20685.571012442","-20693.950553272","1.738834582944","-20683.832177859"
"dimer_006124","-18991.74260507","-19000.019694163","1.844150320136","-18989.89845475","-18747.829742737","-18757.719115443","1.79878646731","-18746.030956269"
"dimer_006125","-20947.602399067","-20954.522353599","1.884565779872","-20945.717833287","-20685.602497937","-20693.929507159","1.76353818032","-20683.838959756"
"dimer_006126","-19865.165090534","-19872.825604133","1.825356766726","-19863.339733767","-19611.896383428","-19620.957723845","1.820138980776","-19610.076244175"
"dimer_006127","-20947.680038361","-20954.65872353","1.809880282976","-20945.870158078","-20686.011040916","-20694.273213264","1.788597974922","-20684.222442941"
"dimer_006128","-19866.566472736","-19874.29156443","1.812103182242","-19864.754369554","-19613.607105097","-19622.7902617","1.758381347906","-19611.848723749"
"dimer_006130","-21011.66538882","-21019.96906209","1.833383585498","-21009.832005235","-20747.584716559","-20757.491359524","1.733201823144","-20745.851514736"
"dimer_006131","-22967.820560115","-22974.855073553","1.79505170266","-22966.025508413","-22685.503934398","-22693.81665301","1.715945713834","-22683.787988684"
"dimer_006132","-19055.390659613","-19064.917752529","1.88770243795","-19053.502957175","-18809.30511121","-18820.715657776","1.794781765572","-18807.510329445"
"dimer_006133","-21011.587430064","-21019.845604785","1.855074880894","-21009.732355183","-20747.487674448","-20757.370641318","1.731527233588","-20745.756147214"
"dimer_006134","-17099.322865484","-17110.155721919","1.889380564988","-17097.433484919","-16871.448919599","-16884.440312448","1.820681848206","-16869.628237751"
"dimer_006135","-19055.555567228","-19065.171235428","1.820510144272","-19053.735057083","-18809.539892258","-18820.973275719","1.791434763372","-18807.748457767"
"dimer_006136","-19055.544546067","-19065.091506842","1.872417522456","-19053.672128544","-18809.518809954","-18820.937769196","1.781849819836","-18807.736960134"
"dimer_006137","-21011.960935917","-21020.358012862","1.754477872576","-21010.206457772","-20747.767965201","-20757.665295882","1.736375488726","-20746.031589713"
"dimer_006138","-19055.668738352","-19065.210483246","1.86301081359","-19053.805727538","-18809.772498298","-18821.100280303","1.839825884448","-18807.932672414"
"dimer_006139","-21011.839351844","-21020.110911581","1.834585513036","-21010.004766604","-20747.885282799","-20757.666144061","1.79822999418","-20746.087052805"
"dimer_006140","-16967.079004408","-16975.409554106","1.794791561676","-16965.284212846","-16744.279354135","-16754.271485796","1.747836658292","-16742.531517477"
"dimer_006141","-17844.205488225","-17852.016081131","1.743867603488","-17842.461620622","-17612.532889677","-17621.839819782","1.708658773028","-17610.824230904"
"dimer_006142","-18717.534397222","-18724.700673701","1.754265623656","-18715.780131326","-18476.679372698","-18485.232634643","1.678319694712","-18475.001053003"
"dimer_006143","-18922.963119955","-18929.956265533","1.8043062998","-18921.158813655","-18682.36186296","-18690.742930078","1.727046060236","-18680.634816628"
"dimer_006145","-18923.242770152","-18930.282566955","1.783308078762","-18921.459462073","-18682.272611473","-18690.707484508","1.696219353632","-18680.576392119"
"dimer_006147","-18990.834642014","-18999.085773064","1.861237718766","-18988.973404295","-18746.846114029","-18756.745318486","1.789568877674","-18745.056545151"
"dimer_006148","-20946.805683017","-20953.765413541","1.824904513258","-20944.980778504","-20684.998879151","-20693.221519321","1.826606586328","-20683.172272565"
"dimer_006149","-19865.713104728","-19873.439210863","1.809267482248","-19863.903837518","-19612.575508406","-19621.754373226","1.756205796476","-19610.819302609"
"dimer_006152","-19865.194451363","-19872.807636718","1.86978917333","-19863.324662189","-19612.112412011","-19621.17539001","1.790449710692","-19610.321962301"
"dimer_006153","-19055.328314486","-19064.934984692","1.84386487255","-19053.484449613","-18808.963534397","-18820.390563452","1.804283714338","-18807.159250411"
"dimer_006154","-21011.871859399","-21020.232041495","1.791179248326","-21010.080680151","-20747.666905599","-20757.556728654","1.738204911148","-20745.928700688"
"dimer_006155","-21011.427372881","-21019.747130265","1.828146479454","-21009.599226402","-20747.052006872","-20756.924247009","1.763670699838","-20745.288336173"
"dimer_006156","-17099.350133484","-17110.176701364","1.908845967864","-17097.441287516","-16871.349411863","-16884.314740001","1.85477936509","-16869.494632226"
"dimer_006157","-19055.619003532","-19065.123467175","1.905281818692","-19053.713721713","-18809.718630883","-18821.101690669","1.803597170716","-18807.915033712"
"dimer_006158","-19055.548319199","-19065.08341526","1.891654077458","-19053.656665122","-18809.354828071","-18820.759028666","1.808949380982","-18807.54587869"
"dimer_006159","-19054.763988418","-19064.306398631","1.877431767134","-19052.886556651","-18809.265247598","-18820.617263531","1.842288244034","-18807.422959354"
"dimer_006160","-21010.902971379","-21019.162017681","1.8474635802","-21009.055508071","-20747.180140457","-20756.979515811","1.787090191248","-20745.393050266"
"dimer_006172","-17099.317081701","-17110.087138851","1.937896042162","-17097.379185931","-16870.421957009","-16883.29359548","1.866192914706","-16868.555763823"
"dimer_006173","-19055.264864032","-19064.740998159","1.917129390138","-19053.347734642","-18808.20726374","-18819.470061111","1.865170582408","-18806.342093157"
"dimer_006175","-19055.503551004","-19065.055154861","1.872316296048","-19053.631234436","-18808.198515002","-18819.453775905","1.878660633958","-18806.319854641"
"dimer_006176","-21011.486418082","-21019.777686491","1.82740469669","-21009.659013657","-20746.210198267","-20755.980152928","1.783615567582","-20744.4265827"
"dimer_006179","-18927.995352729","-18935.168041574","1.70892081881","-18926.28643191","-18686.241022727","-18694.746636967","1.68949460035","-18684.551528127"
"dimer_006184","-20948.736788727","-20955.81976213","1.742685540272","-20946.994103186","-20687.554404584","-20695.950160143","1.709511578304","-20685.844893006"
"dimer_006185","-19866.875253281","-19874.720873518","1.717506287624","-19865.157746994","-19614.098629786","-19623.350718851","1.697250121464","-19612.401379664"
"dimer_006186","-18993.060858894","-19001.526662311","1.703315542524","-18991.357543351","-18749.737431404","-18759.824091386","1.6691064589","-18748.068325217"
"dimer_006187","-19868.637583275","-19876.542737973","1.687004485136","-19866.950578518","-19615.701495806","-19625.025086362","1.67685490505","-19614.024640628"
"dimer_006188","-20950.347438568","-20957.509636329","1.727405250716","-20948.620033589","-20689.167917609","-20697.629222165","1.700838216668","-20687.467079392"
"dimer_006189","-19868.169377668","-19876.05551704","1.712303467944","-19866.4570742","-19615.501053096","-19624.857575705","1.66401656653","-19613.837036529"
"dimer_006190","-20742.87455084","-20750.16909179","1.68274345201","-20741.191807388","-20481.24800073","-20489.838474537","1.654796527868","-20479.593204202"
"dimer_006192","-19866.332897426","-19874.156966505","1.746680990134","-19864.586216435","-19613.757319644","-19623.0313928","1.696516230006","-19612.060803414"
"dimer_006194","-20950.13549251","-20957.352578659","1.691941993666","-20948.443550517","-20688.989842398","-20697.530567507","1.646316367172","-20687.343525758"
"dimer_006199","-20949.181991721","-20956.334307663","1.708750203332","-20947.473241518","-20687.605989507","-20696.069756151","1.69103340502","-20685.914956374"
"dimer_006203","-20741.094360372","-20748.323046196","1.7192434634","-20739.375116908","-20479.46308473","-20487.917004929","1.705677764158","-20477.757406966"
"dimer_006204","-17035.747805521","-17045.401185728","1.80378656206","-17033.944018959","-16810.251238293","-16821.792661624","1.76489330804","-16808.486344984"
"dimer_006205","-18991.56898246","-18999.865148105","1.826226987298","-18989.742755745","-18748.397958946","-18758.235926869","1.81395818338","-18746.584000763"
"dimer_006206","-18992.016361278","-19000.402772442","1.776847003946","-18990.239514274","-18748.158401209","-18758.11049973","1.744545167348","-18746.41385577"
"dimer_006207","-19866.701275563","-19874.474092515","1.76048914295","-19864.940786148","-19614.35543574","-19623.544994913","1.719297069858","-19612.636138943"
"dimer_006208","-17035.720248264","-17045.396565777","1.780234823246","-17033.940013441","-16810.209285661","-16821.788735563","1.72808172612","-16808.481203663"
"dimer_006209","-18991.899880703","-19000.268820788","1.777144424548","-18990.122736279","-18748.126280329","-18758.097620302","1.723310751358","-18746.402969305"
"dimer_006210","-19866.893199744","-19874.679932606","1.740422912362","-19865.152776831","-19614.388129965","-19623.547349516","1.738107222222","-19612.650023015"
"dimer_006211","-18991.342157209","-18999.712615963","1.801739720552","-18989.540417489","-18747.60949176","-18757.60869267","1.712053939406","-18745.897437821"
"dimer_006212","-20947.594280002","-20954.769118819","1.71011948098","-20945.884160521","-20685.597967511","-20694.069867914","1.651429389232","-20683.946538121"
"dimer_006213","-17035.419610186","-17045.083724746","1.797090652862","-17033.622519533","-16809.822807045","-16821.388666758","1.738350764252","-16808.08445628"
"dimer_006214","-18991.534740451","-18999.923900783","1.770294498826","-18989.764445952","-18747.743757162","-18757.742182274","1.698802803948","-18746.044954358"
"dimer_006215","-18991.475840015","-18999.803160536","1.792192872976","-18989.683647414","-18748.122339574","-18758.018035665","1.74457863737","-18746.377760664"
"dimer_006216","-21012.773620161","-21021.190293395","1.75304546448","-21011.020574696","-20749.409198479","-20759.370786159","1.696793786286","-20747.712404693"
"dimer_006217","-19056.623890601","-19066.299240476","1.820187144954","-19054.803703456","-18811.10575676","-18822.631335438","1.76924713204","-18809.336509628"
"dimer_006218","-21013.03082313","-21021.469476917","1.764505001362","-21011.266318129","-20749.166150064","-20759.144198464","1.723314833068","-20747.442834959"
"dimer_006219","-19056.571712198","-19066.226712843","1.814952215822","-19054.756759982","-18811.462058206","-18822.920762419","1.798247409476","-18809.663810797"
"dimer_006220","-21012.811166995","-21021.228062546","1.763533010154","-21011.047633985","-20749.449539924","-20759.381491396","1.73325461326","-20747.716285311"
"dimer_006221","-17100.713691295","-17111.683640668","1.82593255995","-17098.887758735","-16873.313932083","-16886.424347596","1.791612453814","-16871.52231963"
"dimer_006222","-19056.965974091","-19066.626111977","1.797745359146","-19055.168228731","-18811.713234938","-18823.196094711","1.755976676488","-18809.957258262"
"dimer_006223","-19056.953442697","-19066.635424806","1.80675124409","-19055.146691452","-18811.249237847","-18822.771395507","1.763875329566","-18809.485362517"
"dimer_006224","-19056.724313457","-19066.373206776","1.814796838728","-19054.909516346","-18811.557825735","-18823.014255347","1.79322445715","-18809.764601278"
"dimer_006225","-21012.960180431","-21021.287621226","1.8032042381","-21011.156976193","-20750.15269148","-20759.981486167","1.775574054654","-20748.377117425"
"dimer_006226","-21012.879482031","-21021.216564369","1.802418100754","-21011.07706393","-20750.022512686","-20759.867405638","1.763935194646","-20748.258577492"
"dimer_006227","-19055.183051325","-19064.606927863","1.959224337482","-19053.223826988","-18808.44353189","-18819.696821055","1.871743496078","-18806.571788394"
"dimer_006228","-21011.354228366","-21019.559031191","1.877297070704","-21009.476931023","-20746.492786479","-20756.21034695","1.818465479676","-20744.674320728"
"dimer_006229","-22967.168749941","-22974.125000126","1.816674153214","-22965.352075787","-22684.171454726","-22692.348004771","1.770988117412","-22682.400466609"
"dimer_006230","-17099.229545348","-17109.972203884","1.956344827134","-17097.273200521","-16870.586359036","-16883.398460324","1.914469475788","-16868.671889561"
"dimer_006231","-19055.532030727","-19064.991249976","1.924715112116","-19053.607315615","-18808.565631619","-18819.754799024","1.923380937174","-18806.64225041"
"dimer_006233","-17972.331655762","-17982.372559775","1.981392104492","-17970.350263657","-17734.518304386","-17746.441814142","1.96649712836","-17732.551807258"
"dimer_006234","-17099.28926131","-17110.168945027","1.83308643701","-17097.4561746","-16871.507736496","-16884.520411925","1.781802472","-16869.725933752"
"dimer_006235","-19055.626886674","-19065.162125051","1.861139213498","-19053.765747461","-18809.624592638","-18821.063161232","1.744602855516","-18807.879990055"
"dimer_006237","-21011.540458017","-21019.803530246","1.820427965844","-21009.720030051","-20747.666013065","-20757.44814891","1.766639463578","-20745.899373602"
"dimer_006238","-21011.658142696","-21019.922335762","1.822772500068","-21009.835370468","-20747.275395051","-20757.066725899","1.774790910562","-20745.500604141"
"dimer_006435","-18922.95657262","-18929.984235043","1.800821063688","-18921.155751556","-18682.143904272","-18690.582767315","1.705622252902","-18680.438282019"
"dimer_006437","-16967.056765619","-16975.369940022","1.811578274336","-16965.245187073","-16744.296141392","-16754.302360666","1.731706556714","-16742.564434836"
"dimer_006438","-17844.139129961","-17851.911369487","1.777627971126","-17842.36150199","-17612.488768297","-17621.778016978","1.726410129818","-17610.762358167"
"dimer_006439","-18717.371771011","-18724.529632092","1.763894921774","-18715.607876089","-18476.63181098","-18485.168604314","1.691906346732","-18474.939904361"
"dimer_006440","-18923.060031723","-18930.075314864","1.785341042456","-18921.274690681","-18682.335451847","-18690.709279644","1.733686730292","-18680.601765117"
"dimer_006442","-18717.659712794","-18724.850408511","1.759583547558","-18715.900129519","-18476.62626448","-18485.17871988","1.699092333244","-18474.927172147"
"dimer_006443","-18923.102138371","-18930.158794541","1.764672623586","-18921.337465748","-18682.156420155","-18690.612301208","1.688356347488","-18680.46806408"
"dimer_006445","-18716.909706201","-18724.059806591","1.761846719696","-18715.147859481","-18476.381267185","-18484.881034511","1.722259302862","-18474.659007882"
"dimer_006452","-20946.94562771","-20954.003576966","1.778555063524","-20945.167072646","-20684.864808583","-20693.262932895","1.713174232744","-20683.151634351"
"dimer_006453","-18990.858518113","-18999.143077007","1.841003049612","-18989.017515063","-18746.968569955","-18756.873017233","1.78523791125","-18745.183332044"
"dimer_006454","-20946.990776865","-20953.972703456","1.813342661512","-20945.177434203","-20685.143188552","-20693.427171926","1.771471936104","-20683.371716888"
"dimer_006455","-20947.139825676","-20954.192695107","1.77067981225","-20945.369145863","-20684.967340322","-20693.340857909","1.726342101318","-20683.240998221"
"dimer_006462","-19865.488177745","-19873.227523314","1.776381416892","-19863.711796328","-19611.947485077","-19621.097374654","1.751190191228","-19610.196295157"
"dimer_006463","-18991.38866122","-18999.659610604","1.829923655988","-18989.558737564","-18747.55890604","-18757.487087372","1.765643798452","-18745.793262241"
"dimer_006464","-19866.539064053","-19874.231287369","1.824584507194","-19864.714479546","-19613.345121901","-19622.544639902","1.743014253984","-19611.602107375"
"dimer_006465","-20949.110454039","-20956.18766434","1.775468746536","-20947.33498502","-20687.254613597","-20695.676822175","1.70630852441","-20685.548305073"
"dimer_006466","-20947.576596129","-20954.615341212","1.759006937992","-20945.817589191","-20685.619236757","-20694.008613148","1.710486562766","-20683.908750194"
"dimer_006467","-20946.808493683","-20953.81220055","1.77501050656","-20945.033483448","-20685.48604158","-20693.812937875","1.732478272018","-20683.753563308"
"dimer_006469","-21011.272628996","-21019.59118146","1.838452797204","-21009.434176199","-20746.990943674","-20756.896657371","1.748993142792","-20745.241950532"
"dimer_006470","-19055.145470477","-19064.741957905","1.858581341898","-19053.286889135","-18808.979564089","-18820.400205812","1.81103703959","-18807.168527049"
"dimer_006471","-21011.710948867","-21020.04798549","1.809132513704","-21009.901816353","-20747.672002022","-20757.542420356","1.756888258388","-20745.915113764"
"dimer_006472","-21011.548165374","-21019.930156047","1.78347053082","-21009.764694843","-20747.322806562","-20757.245447381","1.737548027952","-20745.585258534"
"dimer_006473","-17099.285603281","-17110.151838308","1.876191199408","-17097.409412082","-16871.355669125","-16884.360101949","1.823834016782","-16869.531835108"
"dimer_006474","-19055.634169806","-19065.147288579","1.90557624604","-19053.72859356","-18809.707221415","-18821.053013284","1.839392134732","-18807.867829008"
"dimer_006475","-19055.431152897","-19065.0383774","1.848369991934","-19053.582782905","-18809.391746049","-18820.854138768","1.790016777318","-18807.601729272"
"dimer_006476","-19055.479988108","-19065.042249582","1.86540269565","-19053.614585685","-18809.318399897","-18820.727372284","1.806000753678","-18807.512399144"
"dimer_006477","-21011.566038366","-21019.887590614","1.815326644686","-21009.750711721","-20747.280936925","-20757.150580822","1.762477752062","-20745.518459173"
"dimer_006478","-21884.513777419","-21892.241608484","1.795495520594","-21882.718281626","-21611.265492523","-21620.38960447","1.73820028521","-21609.527292238"
"dimer_006479","-19054.809130498","-19064.356492369","1.868643301276","-19052.940487197","-18809.324872401","-18820.717845028","1.798052575852","-18807.526819825"
"dimer_006480","-21010.891608171","-21019.266867015","1.764623098838","-21009.126985344","-20747.113248849","-20756.917087962","1.789790650584","-20745.323458199"
"dimer_006481","-19927.527074992","-19936.419140637","1.873290192054","-19925.653784528","-19673.094798898","-19683.646906068","1.834983615818","-19671.25981501"
"dimer_006482","-22967.572563579","-22974.664099866","1.770647430684","-22965.80191642","-22685.098785496","-22693.403793758","1.746171048498","-22683.352614448"
"dimer_006483","-19864.645147892","-19872.30126032","1.828775334908","-19862.816372557","-19610.593887998","-19619.585262735","1.813629197554","-19608.7802588"
"dimer_006484","-18991.182680174","-18999.433667275","1.871832477356","-18989.310847969","-18746.447784848","-18756.238174182","1.821248933782","-18744.626535915"
"dimer_006485","-19864.707196687","-19872.404968952","1.798949463596","-19862.908247223","-19610.283755046","-19619.351129591","1.774799346096","-19608.5089557"
"dimer_006487","-20947.47530523","-20954.48840384","1.791614358612","-20945.683690872","-20684.384494992","-20692.667804066","1.70956300785","-20682.674931984"
"dimer_006488","-19866.357607009","-19874.047470825","1.833270386074","-19864.524336623","-19612.279857633","-19621.285179029","1.839380161716","-19610.440477472"
"dimer_006489","-20948.271784541","-20955.228163164","1.850789629622","-20946.420994911","-20685.877103684","-20694.083786273","1.80611449733","-20684.070989187"
"dimer_006490","-19866.360262842","-19874.089357061","1.820876409716","-19864.539386432","-19611.922893046","-19621.016487135","1.787245296228","-19610.13564775"
"dimer_006491","-20740.090100253","-20747.298377255","1.747624409372","-20738.342475844","-20476.11181415","-20484.525671004","1.721706639328","-20474.39010751"
"dimer_006494","-20740.711188485","-20747.790847268","1.838485450884","-20738.872703034","-20477.660298459","-20486.019245974","1.746881810266","-20475.913416649"
"dimer_006498","-17098.926077829","-17109.757685533","1.90562250542","-17097.020455323","-16870.000297046","-16882.900970081","1.858283104954","-16868.142013941"
"dimer_006500","-19055.178335045","-19064.753210363","1.853196205838","-19053.325138839","-18808.085306054","-18819.441628191","1.805930004038","-18806.27937605"
"dimer_006501","-19054.814189914","-19064.311676554","1.886634662614","-19052.927555251","-18808.201929489","-18819.438274386","1.847339224102","-18806.354590537"
"dimer_006502","-19055.127477755","-19064.654061274","1.901251266124","-19053.226226489","-18807.940234734","-18819.235769325","1.847615691926","-18806.092619042"
"dimer_006504","-21011.353211204","-21019.718295705","1.786887466318","-21009.566323737","-20746.114090596","-20755.933049723","1.771114650422","-20744.342976218"
"dimer_006508","-18923.019359388","-18929.965405298","1.821349071734","-18921.198010316","-18681.384445527","-18689.6845756","1.753567379132","-18679.630878148"
"dimer_006527","-19054.983592852","-19064.432929736","1.968251175204","-19053.015341676","-18808.025233896","-18819.29931774","1.86684353928","-18806.158390356"
"dimer_006529","-19928.730413441","-19937.634997962","1.895249247626","-19926.835164194","-19672.152396822","-19682.65613981","1.869794343496","-19670.282602207"
"dimer_006531","-21011.12412904","-21019.357349002","1.876249703918","-21009.247879336","-20746.104380752","-20755.810223178","1.831772398504","-20744.272608081"
"dimer_006533","-17099.128852011","-17109.883044643","1.96247800458","-17097.166373735","-16870.420358884","-16883.247367665","1.911952693402","-16868.50840619"
"dimer_006536","-19055.452944603","-19064.989929407","1.8717497547","-19053.581194848","-18808.549888191","-18819.872292679","1.818145201498","-18806.731743262"
"dimer_006537","-21011.387705735","-21019.5770699","1.894061197902","-21009.493644537","-20746.229028284","-20755.892923248","1.858939171808","-20744.370089112"
"dimer_006538","-19054.639247551","-19064.090330863","1.927529859332","-19052.711717692","-18808.391195933","-18819.609899407","1.87731992828","-18806.513876276"
"dimer_006539","-21010.822053928","-21018.972448375","1.914176953238","-21008.907876974","-20746.244091427","-20755.867842229","1.861511193336","-20744.382580233"
"dimer_006540","-17098.931735351","-17109.748382227","1.892310144312","-17097.039425207","-16870.242670347","-16883.139689434","1.827423472556","-16868.415246874"
"dimer_006542","-19055.253456469","-19064.809574152","1.838416878156","-19053.415039591","-18808.118566549","-18819.377620176","1.839489551544","-18806.279076725"
"dimer_006543","-19055.182407776","-19064.729456716","1.851401886122","-19053.331005889","-18808.149766324","-18819.409922557","1.837030457326","-18806.312735866"
"dimer_006544","-19928.820139223","-19937.704375876","1.882587511092","-19926.93755144","-19672.330683466","-19682.860842193","1.801502437144","-19670.529181029"
"dimer_006545","-21011.447475303","-21019.678704479","1.845836882708","-21009.60163842","-20746.602754278","-20756.281366255","1.81928889664","-20744.783465381"
"dimer_006546","-21011.372657286","-21019.653157872","1.81148194598","-21009.561175341","-20746.134446356","-20755.844795533","1.789820038896","-20744.344626317"
"dimer_006547","-19054.738260312","-19064.28494598","1.86392783777","-19052.874332746","-18807.854044801","-18819.189294702","1.8040613972","-18806.049983404"
"dimer_006548","-21011.105468278","-21019.405355898","1.815247187398","-21009.290221362","-20745.946707016","-20755.732679123","1.75828774069","-20744.188419275"
"dimer_006549","-17098.815096406","-17109.630794149","1.909290874254","-17096.90580526","-16869.959169464","-16882.854118581","1.85002689408","-16868.10914257"
"dimer_006550","-19055.16989162","-19064.680441093","1.896617981046","-19053.273273911","-18808.055569164","-18819.339535645","1.836603238346","-18806.218965926"
"dimer_006551","-19928.62567513","-19937.55431725","1.867113204254","-19926.758561926","-19671.929814917","-19682.460488756","1.821496013294","-19670.108318904"
"dimer_006554","-17971.544399483","-17981.719440187","1.896921388156","-17969.647478095","-17733.618448967","-17745.764023611","1.79499864043","-17731.823450326"
"dimer_006556","-17098.995018183","-17109.79611837","1.92090034595","-17097.074117837","-16870.076637268","-16882.993560135","1.82736524016","-16868.249272028"
"dimer_006558","-17971.96853133","-17982.158039791","1.886375337972","-17970.082155992","-17733.838865933","-17745.902185685","1.866729523514","-17731.972136137"
"dimer_006559","-19054.66092007","-19064.172226565","1.868915415276","-19052.792004383","-18808.137685278","-18819.421685773","1.796548057546","-18806.341137221"
"dimer_006560","-19055.241818425","-19064.788725322","1.873036037578","-19053.368782388","-18808.074882456","-18819.378914078","1.819577881708","-18806.255304574"
"dimer_006562","-19928.313269482","-19937.242803592","1.856429464386","-19926.456840018","-19671.942534342","-19682.464626249","1.807611396444","-19670.134922946"
"dimer_011150","-18795.532840163","-18800.141739472","1.660414049284","-18793.872426113","-18559.245582468","-18564.852857703","1.550493054756","-18557.695089413"
"dimer_011151","-19672.235152676","-19676.294601846","1.631214312286","-19670.603938364","-19427.195320144","-19432.049282873","1.582752169456","-19425.612567974"
"dimer_010772","-19866.647294948","-19874.384723746","1.815143784078","-19864.832151164","-19613.533663433","-19622.670566642","1.811854470046","-19611.721808963"
"dimer_010782","-21011.352373909","-21019.736728708","1.80071303443","-21009.551660875","-20747.271516882","-20757.212521315","1.733092433316","-20745.538424449"
"dimer_010827","-19868.101335835","-19876.072201982","1.699084714052","-19866.402250849","-19615.02899245","-19624.452028156","1.674407783848","-19613.354584666"
"dimer_010855","-18991.632450602","-19000.182764464","1.706725675172","-18989.925724926","-18747.678599464","-18757.765511696","1.711314877782","-18745.967284587"
"dimer_006614","-17099.054297946","-17109.916961204","1.885475729088","-17097.168822216","-16871.224605417","-16884.237827795","1.817605055208","-16869.407000361"
"dimer_006615","-19055.003029138","-19064.566504512","1.877385507754","-19053.125643631","-18809.347061393","-18820.756539095","1.79845040652","-18807.548610986"
"dimer_006616","-19054.605253437","-19064.200164781","1.856614501906","-19052.748638935","-18809.007314547","-18820.411459903","1.813974782334","-18807.193339764"
"dimer_006617","-19055.358630435","-19064.898012835","1.894657399676","-19053.463973035","-18809.384498837","-18820.820789836","1.788694847506","-18807.595803989"
"dimer_006618","-21011.294639482","-21019.637485739","1.803283967502","-21009.491355242","-20747.357556064","-20757.154658994","1.79483129032","-20745.562724774"
"dimer_006619","-21010.870516615","-21019.176072097","1.832949291554","-21009.037567323","-20747.057555821","-20756.857281114","1.796831056106","-20745.260724765"
"dimer_006809","-16967.089479437","-16975.405202187","1.812475978422","-16965.277003458","-16744.404943726","-16754.442998978","1.706789077734","-16742.698154648"
"dimer_006810","-17844.138220556","-17851.914653086","1.777814369216","-17842.360406187","-17612.507329193","-17621.797767012","1.729323654416","-17610.778005266"
"dimer_006811","-18717.289860888","-18724.461622368","1.758461349422","-18715.531399538","-18476.516389745","-18485.056957572","1.700940531532","-18474.815449214"
"dimer_006812","-18922.636231039","-18929.684552902","1.768849301372","-18920.867381738","-18682.122091614","-18690.536572698","1.719399656836","-18680.402691957"
"dimer_006814","-18923.075837465","-18930.125929157","1.765877272264","-18921.30995992","-18682.472611725","-18690.883270152","1.70548129785","-18680.767130428"
"dimer_006818","-18923.436835598","-18930.530148517","1.73624650669","-18921.700589091","-18682.424420336","-18690.875403608","1.687338641128","-18680.737081695"
"dimer_006823","-18990.756037259","-18999.069979023","1.821899558356","-18988.934137701","-18746.876390521","-18756.799812852","1.773756333134","-18745.102634188"
"dimer_006824","-19865.888485467","-19873.579611619","1.844174538282","-19864.044310928","-19612.904742944","-19622.063573916","1.760153626388","-19611.144589318"
"dimer_006825","-20946.291507287","-20953.286044457","1.815178342556","-20944.476329217","-20684.616826197","-20692.926265835","1.768840049496","-20682.847986148"
"dimer_006826","-20946.684666574","-20953.681026092","1.81719770055","-20944.867468874","-20684.922515255","-20693.243302319","1.748717763424","-20683.173797492"
"dimer_006827","-20946.968548688","-20954.016128224","1.77571936353","-20945.192829325","-20684.913320795","-20693.257862867","1.740630535344","-20683.17269026"
"dimer_006830","-19864.778083473","-19872.418862004","1.875440708996","-19862.902642764","-19611.92076838","-19621.036498943","1.774816489278","-19610.145951891"
"dimer_006832","-19055.027534365","-19064.585479294","1.896312941252","-19053.131221423","-18809.048245118","-18820.51819934","1.78558621717","-18807.262658901"
"dimer_006833","-21010.883323388","-21019.192688194","1.84905680767","-21009.034266852","-20747.047564067","-20756.875189753","1.797333650664","-20745.250230689"
"dimer_006834","-21011.098400389","-21019.376097656","1.863780351982","-21009.234620037","-20747.086898962","-20756.894555018","1.804640455792","-20745.282258506"
"dimer_006835","-21011.204634783","-21019.486402876","1.865527323862","-21009.339107187","-20747.083941627","-20756.95663048","1.773412653152","-20745.310528974"
"dimer_006836","-22967.197608991","-22974.30714453","1.758289373374","-22965.43931989","-22685.107760632","-22693.392907021","1.758326380878","-22683.349433979"
"dimer_006837","-17099.293757177","-17110.148815394","1.891214613348","-17097.402542564","-16871.374451249","-16884.391599144","1.814187575482","-16869.560263674"
"dimer_006838","-19055.679126576","-19065.306050771","1.830028419878","-19053.849098156","-18809.383777735","-18820.77089719","1.834799666754","-18807.548977796"
"dimer_006839","-19055.306600061","-19064.836929773","1.903060824224","-19053.403539509","-18809.5134689","-18820.937841306","1.754866451368","-18807.758602449"
"dimer_006840","-19055.087251415","-19064.62494698","1.900635744256","-19053.186615942","-18809.372294796","-18820.769329541","1.81502078855","-18807.557274008"
"dimer_006841","-21011.349732498","-21019.678075079","1.815717944618","-21009.534014554","-20747.283563369","-20757.079442331","1.806406203538","-20745.477157166"
"dimer_006842","-19054.720709775","-19064.292707215","1.858206368806","-19052.862503406","-18809.300815891","-18820.67737433","1.823319449208","-18807.477496714"
"dimer_006843","-21010.951751623","-21019.214521533","1.857321998306","-21009.094429353","-20747.209515708","-20757.049367475","1.729338348572","-20745.480177359"
"dimer_006844","-21010.619370359","-21018.864023463","1.865477527","-21008.753892832","-20747.302463591","-20757.01838267","1.850103358114","-20745.452360233"
"dimer_006845","-18991.303915124","-18999.780110031","1.706509072428","-18989.597406052","-18748.073792531","-18758.127588761","1.664456846982","-18746.409335684"
"dimer_006846","-17035.615801115","-17045.412810166","1.723952940398","-17033.891847902","-16810.099619093","-16821.795970258","1.68256113563","-16808.417057957"
"dimer_006847","-19866.098291619","-19873.970042963","1.70780243027","-19864.390489189","-19613.800034467","-19623.127086586","1.642411803386","-19612.157622664"
"dimer_006848","-19865.747844434","-19873.645679538","1.698535043772","-19864.04930939","-19613.563489577","-19622.8452973","1.706167569358","-19611.857322007"
"dimer_006849","-18991.926887746","-19000.464623954","1.677594510902","-18990.249293235","-18748.075906041","-18758.192471624","1.647198832874","-18746.428707208"
"dimer_006851","-17035.578433332","-17045.368786475","1.734504160748","-17033.843929171","-16810.036867972","-16821.729257702","1.687650755886","-16808.349217216"
"dimer_006852","-19865.92499092","-19873.844653104","1.674005327242","-19864.250985593","-19613.624643117","-19622.956359541","1.647491355424","-19611.977151761"
"dimer_006853","-18990.92980545","-18999.405869742","1.723486809116","-18989.206318369","-18747.788038817","-18757.873659596","1.654115426526","-18746.133923391"
"dimer_006854","-18991.255167534","-18999.755666846","1.696549700028","-18989.558617834","-18748.034334641","-18758.063075974","1.69440625805","-18746.339928383"
"dimer_006855","-18991.846969224","-19000.357763426","1.70579831066","-18990.141170642","-18747.936832113","-18757.993607447","1.704126442244","-18746.232705671"
"dimer_006856","-20947.179908068","-20954.388585078","1.695988056732","-20945.483920011","-20685.678115424","-20694.154371284","1.65545722066","-20684.022658203"
"dimer_006857","-17100.905834256","-17111.987995007","1.765318077994","-17099.14051645","-16873.515446378","-16886.769445564","1.717885886654","-16871.797560492"
"dimer_006858","-19056.653982328","-19066.44557495","1.725694197884","-19054.92828813","-18811.531057609","-18823.158689649","1.683639251298","-18809.847418357"
"dimer_006859","-19056.363786897","-19066.14234417","1.750891954284","-19054.612894943","-18811.340574543","-18822.948354235","1.72140813027","-18809.619166413"
"dimer_006860","-19056.390224405","-19066.199863627","1.729560121482","-19054.660664011","-18811.304248685","-18822.953772568","1.684385932114","-18809.619862753"
"dimer_006861","-21012.408089152","-21020.912163499","1.709227491288","-21010.698861661","-20749.620154041","-20759.637676659","1.672419174736","-20747.947734867"
"dimer_006862","-21012.025141488","-21020.533678776","1.695550225306","-21010.329591534","-20749.206525795","-20759.196528435","1.680487354836","-20747.52603844"
"dimer_006863","-21012.110304734","-21020.58260188","1.744281760996","-21010.366022701","-20749.441422763","-20759.4093507","1.734005920014","-20747.707416843"
"dimer_006864","-21012.458412555","-21020.924213795","1.724305600142","-21010.734106955","-20749.828224107","-20759.806501627","1.688755266612","-20748.13946884"
"dimer_006865","-19057.26001286","-19067.042441499","1.753869153558","-19055.506143706","-18811.557494028","-18823.224765731","1.682778554716","-18809.874715201"
"dimer_006866","-21012.703301005","-21021.225137049","1.712411225088","-21010.99088978","-20749.312101673","-20759.341494992","1.684781313756","-20747.627320087"
"dimer_006867","-21012.822136182","-21021.382126418","1.678073431542","-21011.144062479","-20749.476476489","-20759.553686768","1.651282447672","-20747.825194041"
"dimer_006868","-22968.461458519","-22975.70590056","1.679856866698","-22966.78160138","-22687.402193227","-22695.824856507","1.667342615952","-22685.734850611"
"dimer_006888","-21011.089783083","-21019.404453296","1.841686055752","-21009.248097027","-20745.88307098","-20755.660873137","1.804789846378","-20744.078281134"
"dimer_006889","-22967.151759687","-22974.20143967","1.798617212402","-22965.353142474","-22683.998144503","-22692.247126669","1.751912653898","-22682.246232122"